{
"RECORDS":[
{
"code":"51",
"year":"2014",
"substr(landSources,1,6)":"现有建设用地",
"value":2918
},
{
"code":"45",
"year":"2014",
"substr(landSources,1,6)":"现有建设用地",
"value":2849
},
{
"code":"14",
"year":"2014",
"substr(landSources,1,6)":"现有建设用地",
"value":413
},
{
"code":"50",
"year":"2014",
"substr(landSources,1,6)":"现有建设用地",
"value":377
},
{
"code":"22",
"year":"2014",
"substr(landSources,1,6)":"现有建设用地",
"value":1227
},
{
"code":"44",
"year":"2014",
"substr(landSources,1,6)":"新增建设用地",
"value":1485
},
{
"code":"21",
"year":"2014",
"substr(landSources,1,6)":"新增建设用地",
"value":1357
},
{
"code":"41",
"year":"2014",
"substr(landSources,1,6)":"现有建设用地",
"value":1204
},
{
"code":"12",
"year":"2014",
"substr(landSources,1,6)":"新增建设用地",
"value":228
},
{
"code":"46",
"year":"2014",
"substr(landSources,1,6)":"新增建设用地",
"value":135
},
{
"code":"64",
"year":"2014",
"substr(landSources,1,6)":"现有建设用地",
"value":110
},
{
"code":"13",
"year":"2014",
"substr(landSources,1,6)":"新增建设用地",
"value":3088
},
{
"code":"53",
"year":"2014",
"substr(landSources,1,6)":"新增建设用地",
"value":1539
},
{
"code":"23",
"year":"2014",
"substr(landSources,1,6)":"新增建设用地",
"value":812
},
{
"code":"45",
"year":"2014",
"substr(landSources,1,6)":"新增建设用地",
"value":1068
},
{
"code":"63",
"year":"2014",
"substr(landSources,1,6)":"新增建设用地",
"value":174
},
{
"code":"34",
"year":"2014",
"substr(landSources,1,6)":"新增建设用地",
"value":2142
},
{
"code":"32",
"year":"2014",
"substr(landSources,1,6)":"新增建设用地",
"value":3537
},
{
"code":"15",
"year":"2014",
"substr(landSources,1,6)":"新增建设用地",
"value":1192
},
{
"code":"21",
"year":"2014",
"substr(landSources,1,6)":"现有建设用地",
"value":1098
},
{
"code":"13",
"year":"2014",
"substr(landSources,1,6)":"现有建设用地",
"value":1026
},
{
"code":"46",
"year":"2014",
"substr(landSources,1,6)":"现有建设用地",
"value":89
},
{
"code":"64",
"year":"2014",
"substr(landSources,1,6)":"新增建设用地",
"value":493
},
{
"code":"63",
"year":"2014",
"substr(landSources,1,6)":"现有建设用地",
"value":282
},
{
"code":"33",
"year":"2014",
"substr(landSources,1,6)":"新增建设用地",
"value":2967
},
{
"code":"61",
"year":"2014",
"substr(landSources,1,6)":"现有建设用地",
"value":448
},
{
"code":"36",
"year":"2014",
"substr(landSources,1,6)":"现有建设用地",
"value":1047
},
{
"code":"43",
"year":"2014",
"substr(landSources,1,6)":"新增建设用地",
"value":2311
},
{
"code":"65",
"year":"2014",
"substr(landSources,1,6)":"现有建设用地",
"value":777
},
{
"code":"51",
"year":"2014",
"substr(landSources,1,6)":"新增建设用地",
"value":1901
},
{
"code":"32",
"year":"2014",
"substr(landSources,1,6)":"现有建设用地",
"value":2981
},
{
"code":"36",
"year":"2014",
"substr(landSources,1,6)":"新增建设用地",
"value":1639
},
{
"code":"52",
"year":"2014",
"substr(landSources,1,6)":"现有建设用地",
"value":1240
},
{
"code":"33",
"year":"2014",
"substr(landSources,1,6)":"现有建设用地",
"value":1486
},
{
"code":"11",
"year":"2014",
"substr(landSources,1,6)":"新增建设用地",
"value":162
},
{
"code":"42",
"year":"2014",
"substr(landSources,1,6)":"现有建设用地",
"value":2212
},
{
"code":"22",
"year":"2014",
"substr(landSources,1,6)":"新增建设用地",
"value":1115
},
{
"code":"61",
"year":"2014",
"substr(landSources,1,6)":"新增建设用地",
"value":1155
},
{
"code":"52",
"year":"2014",
"substr(landSources,1,6)":"新增建设用地",
"value":1207
},
{
"code":"44",
"year":"2014",
"substr(landSources,1,6)":"现有建设用地",
"value":4363
},
{
"code":"35",
"year":"2014",
"substr(landSources,1,6)":"现有建设用地",
"value":226
},
{
"code":"42",
"year":"2014",
"substr(landSources,1,6)":"新增建设用地",
"value":2973
},
{
"code":"31",
"year":"2014",
"substr(landSources,1,6)":"现有建设用地",
"value":80
},
{
"code":"41",
"year":"2014",
"substr(landSources,1,6)":"新增建设用地",
"value":2459
},
{
"code":"31",
"year":"2014",
"substr(landSources,1,6)":"新增建设用地",
"value":197
},
{
"code":"14",
"year":"2014",
"substr(landSources,1,6)":"新增建设用地",
"value":1392
},
{
"code":"53",
"year":"2014",
"substr(landSources,1,6)":"现有建设用地",
"value":1856
},
{
"code":"37",
"year":"2014",
"substr(landSources,1,6)":"现有建设用地",
"value":2498
},
{
"code":"11",
"year":"2014",
"substr(landSources,1,6)":"现有建设用地",
"value":94
},
{
"code":"34",
"year":"2014",
"substr(landSources,1,6)":"现有建设用地",
"value":1292
},
{
"code":"12",
"year":"2014",
"substr(landSources,1,6)":"现有建设用地",
"value":279
},
{
"code":"65",
"year":"2014",
"substr(landSources,1,6)":"新增建设用地",
"value":1360
},
{
"code":"35",
"year":"2014",
"substr(landSources,1,6)":"新增建设用地",
"value":1420
},
{
"code":"15",
"year":"2014",
"substr(landSources,1,6)":"现有建设用地",
"value":1564
},
{
"code":"62",
"year":"2014",
"substr(landSources,1,6)":"现有建设用地",
"value":452
},
{
"code":"43",
"year":"2014",
"substr(landSources,1,6)":"现有建设用地",
"value":4430
},
{
"code":"62",
"year":"2014",
"substr(landSources,1,6)":"新增建设用地",
"value":915
},
{
"code":"50",
"year":"2014",
"substr(landSources,1,6)":"新增建设用地",
"value":558
},
{
"code":"37",
"year":"2014",
"substr(landSources,1,6)":"新增建设用地",
"value":4388
},
{
"code":"23",
"year":"2014",
"substr(landSources,1,6)":"现有建设用地",
"value":839
},
{
"code":"43",
"year":"2015",
"substr(landSources,1,6)":"新增建设用地",
"value":231
},
{
"code":"37",
"year":"2015",
"substr(landSources,1,6)":"现有建设用地",
"value":172
},
{
"code":"45",
"year":"2015",
"substr(landSources,1,6)":"新增建设用地",
"value":74
},
{
"code":"63",
"year":"2015",
"substr(landSources,1,6)":"新增建设用地",
"value":22
},
{
"code":"44",
"year":"2015",
"substr(landSources,1,6)":"现有建设用地",
"value":329
},
{
"code":"11",
"year":"2015",
"substr(landSources,1,6)":"现有建设用地",
"value":5
},
{
"code":"65",
"year":"2015",
"substr(landSources,1,6)":"新增建设用地",
"value":63
},
{
"code":"35",
"year":"2015",
"substr(landSources,1,6)":"现有建设用地",
"value":13
},
{
"code":"21",
"year":"2015",
"substr(landSources,1,6)":"新增建设用地",
"value":91
},
{
"code":"41",
"year":"2015",
"substr(landSources,1,6)":"新增建设用地",
"value":227
},
{
"code":"22",
"year":"2015",
"substr(landSources,1,6)":"新增建设用地",
"value":48
},
{
"code":"44",
"year":"2015",
"substr(landSources,1,6)":"新增建设用地",
"value":142
},
{
"code":"31",
"year":"2015",
"substr(landSources,1,6)":"现有建设用地",
"value":12
},
{
"code":"53",
"year":"2015",
"substr(landSources,1,6)":"现有建设用地",
"value":105
},
{
"code":"50",
"year":"2015",
"substr(landSources,1,6)":"现有建设用地",
"value":34
},
{
"code":"21",
"year":"2015",
"substr(landSources,1,6)":"现有建设用地",
"value":64
},
{
"code":"46",
"year":"2015",
"substr(landSources,1,6)":"新增建设用地",
"value":18
},
{
"code":"41",
"year":"2015",
"substr(landSources,1,6)":"现有建设用地",
"value":77
},
{
"code":"11",
"year":"2015",
"substr(landSources,1,6)":"新增建设用地",
"value":7
},
{
"code":"36",
"year":"2015",
"substr(landSources,1,6)":"新增建设用地",
"value":158
},
{
"code":"35",
"year":"2015",
"substr(landSources,1,6)":"新增建设用地",
"value":109
},
{
"code":"34",
"year":"2015",
"substr(landSources,1,6)":"现有建设用地",
"value":90
},
{
"code":"15",
"year":"2015",
"substr(landSources,1,6)":"现有建设用地",
"value":121
},
{
"code":"15",
"year":"2015",
"substr(landSources,1,6)":"新增建设用地",
"value":80
},
{
"code":"52",
"year":"2015",
"substr(landSources,1,6)":"新增建设用地",
"value":145
},
{
"code":"43",
"year":"2015",
"substr(landSources,1,6)":"现有建设用地",
"value":373
},
{
"code":"31",
"year":"2015",
"substr(landSources,1,6)":"新增建设用地",
"value":7
},
{
"code":"14",
"year":"2015",
"substr(landSources,1,6)":"新增建设用地",
"value":87
},
{
"code":"23",
"year":"2015",
"substr(landSources,1,6)":"现有建设用地",
"value":94
},
{
"code":"33",
"year":"2015",
"substr(landSources,1,6)":"现有建设用地",
"value":155
},
{
"code":"36",
"year":"2015",
"substr(landSources,1,6)":"现有建设用地",
"value":102
},
{
"code":"64",
"year":"2015",
"substr(landSources,1,6)":"现有建设用地",
"value":4
},
{
"code":"42",
"year":"2015",
"substr(landSources,1,6)":"新增建设用地",
"value":252
},
{
"code":"23",
"year":"2015",
"substr(landSources,1,6)":"新增建设用地",
"value":44
},
{
"code":"33",
"year":"2015",
"substr(landSources,1,6)":"新增建设用地",
"value":199
},
{
"code":"37",
"year":"2015",
"substr(landSources,1,6)":"新增建设用地",
"value":361
},
{
"code":"61",
"year":"2015",
"substr(landSources,1,6)":"新增建设用地",
"value":49
},
{
"code":"45",
"year":"2015",
"substr(landSources,1,6)":"现有建设用地",
"value":310
},
{
"code":"61",
"year":"2015",
"substr(landSources,1,6)":"现有建设用地",
"value":63
},
{
"code":"13",
"year":"2015",
"substr(landSources,1,6)":"现有建设用地",
"value":65
},
{
"code":"63",
"year":"2015",
"substr(landSources,1,6)":"现有建设用地",
"value":12
},
{
"code":"51",
"year":"2015",
"substr(landSources,1,6)":"新增建设用地",
"value":228
},
{
"code":"13",
"year":"2015",
"substr(landSources,1,6)":"新增建设用地",
"value":266
},
{
"code":"52",
"year":"2015",
"substr(landSources,1,6)":"现有建设用地",
"value":91
},
{
"code":"62",
"year":"2015",
"substr(landSources,1,6)":"新增建设用地",
"value":94
},
{
"code":"12",
"year":"2015",
"substr(landSources,1,6)":"新增建设用地",
"value":12
},
{
"code":"53",
"year":"2015",
"substr(landSources,1,6)":"新增建设用地",
"value":92
},
{
"code":"42",
"year":"2015",
"substr(landSources,1,6)":"现有建设用地",
"value":226
},
{
"code":"64",
"year":"2015",
"substr(landSources,1,6)":"新增建设用地",
"value":30
},
{
"code":"34",
"year":"2015",
"substr(landSources,1,6)":"新增建设用地",
"value":210
},
{
"code":"65",
"year":"2015",
"substr(landSources,1,6)":"现有建设用地",
"value":46
},
{
"code":"32",
"year":"2015",
"substr(landSources,1,6)":"新增建设用地",
"value":406
},
{
"code":"50",
"year":"2015",
"substr(landSources,1,6)":"新增建设用地",
"value":33
},
{
"code":"62",
"year":"2015",
"substr(landSources,1,6)":"现有建设用地",
"value":33
},
{
"code":"51",
"year":"2015",
"substr(landSources,1,6)":"现有建设用地",
"value":424
},
{
"code":"22",
"year":"2015",
"substr(landSources,1,6)":"现有建设用地",
"value":53
},
{
"code":"14",
"year":"2015",
"substr(landSources,1,6)":"现有建设用地",
"value":50
},
{
"code":"12",
"year":"2015",
"substr(landSources,1,6)":"现有建设用地",
"value":17
},
{
"code":"32",
"year":"2015",
"substr(landSources,1,6)":"现有建设用地",
"value":311
},
{
"code":"22",
"year":"2016",
"substr(landSources,1,6)":"新增建设用地",
"value":1099
},
{
"code":"31",
"year":"2016",
"substr(landSources,1,6)":"现有建设用地",
"value":38
},
{
"code":"65",
"year":"2016",
"substr(landSources,1,6)":"现有建设用地",
"value":595
},
{
"code":"22",
"year":"2016",
"substr(landSources,1,6)":"现有建设用地",
"value":977
},
{
"code":"43",
"year":"2016",
"substr(landSources,1,6)":"现有建设用地",
"value":3755
},
{
"code":"21",
"year":"2016",
"substr(landSources,1,6)":"新增建设用地",
"value":1000
},
{
"code":"45",
"year":"2016",
"substr(landSources,1,6)":"现有建设用地",
"value":2343
},
{
"code":"51",
"year":"2016",
"substr(landSources,1,6)":"新增建设用地",
"value":1938
},
{
"code":"64",
"year":"2016",
"substr(landSources,1,6)":"新增建设用地",
"value":399
},
{
"code":"65",
"year":"2016",
"substr(landSources,1,6)":"新增建设用地",
"value":1001
},
{
"code":"36",
"year":"2016",
"substr(landSources,1,6)":"现有建设用地",
"value":805
},
{
"code":"61",
"year":"2016",
"substr(landSources,1,6)":"新增建设用地",
"value":1172
},
{
"code":"14",
"year":"2016",
"substr(landSources,1,6)":"新增建设用地",
"value":938
},
{
"code":"41",
"year":"2016",
"substr(landSources,1,6)":"新增建设用地",
"value":2301
},
{
"code":"11",
"year":"2016",
"substr(landSources,1,6)":"现有建设用地",
"value":61
},
{
"code":"37",
"year":"2016",
"substr(landSources,1,6)":"现有建设用地",
"value":1458
},
{
"code":"12",
"year":"2016",
"substr(landSources,1,6)":"新增建设用地",
"value":174
},
{
"code":"45",
"year":"2016",
"substr(landSources,1,6)":"新增建设用地",
"value":1131
},
{
"code":"50",
"year":"2016",
"substr(landSources,1,6)":"新增建设用地",
"value":577
},
{
"code":"52",
"year":"2016",
"substr(landSources,1,6)":"现有建设用地",
"value":782
},
{
"code":"33",
"year":"2016",
"substr(landSources,1,6)":"现有建设用地",
"value":1514
},
{
"code":"63",
"year":"2016",
"substr(landSources,1,6)":"现有建设用地",
"value":225
},
{
"code":"61",
"year":"2016",
"substr(landSources,1,6)":"现有建设用地",
"value":518
},
{
"code":"12",
"year":"2016",
"substr(landSources,1,6)":"现有建设用地",
"value":379
},
{
"code":"42",
"year":"2016",
"substr(landSources,1,6)":"新增建设用地",
"value":2604
},
{
"code":"51",
"year":"2016",
"substr(landSources,1,6)":"现有建设用地",
"value":2024
},
{
"code":"52",
"year":"2016",
"substr(landSources,1,6)":"新增建设用地",
"value":1048
},
{
"code":"63",
"year":"2016",
"substr(landSources,1,6)":"新增建设用地",
"value":186
},
{
"code":"15",
"year":"2016",
"substr(landSources,1,6)":"现有建设用地",
"value":1063
},
{
"code":"31",
"year":"2016",
"substr(landSources,1,6)":"新增建设用地",
"value":144
},
{
"code":"37",
"year":"2016",
"substr(landSources,1,6)":"新增建设用地",
"value":4105
},
{
"code":"42",
"year":"2016",
"substr(landSources,1,6)":"现有建设用地",
"value":2726
},
{
"code":"44",
"year":"2016",
"substr(landSources,1,6)":"现有建设用地",
"value":5153
},
{
"code":"13",
"year":"2016",
"substr(landSources,1,6)":"新增建设用地",
"value":3386
},
{
"code":"35",
"year":"2016",
"substr(landSources,1,6)":"现有建设用地",
"value":185
},
{
"code":"64",
"year":"2016",
"substr(landSources,1,6)":"现有建设用地",
"value":158
},
{
"code":"43",
"year":"2016",
"substr(landSources,1,6)":"新增建设用地",
"value":2646
},
{
"code":"62",
"year":"2016",
"substr(landSources,1,6)":"新增建设用地",
"value":734
},
{
"code":"44",
"year":"2016",
"substr(landSources,1,6)":"新增建设用地",
"value":1599
},
{
"code":"36",
"year":"2016",
"substr(landSources,1,6)":"新增建设用地",
"value":1502
},
{
"code":"34",
"year":"2016",
"substr(landSources,1,6)":"新增建设用地",
"value":2245
},
{
"code":"13",
"year":"2016",
"substr(landSources,1,6)":"现有建设用地",
"value":1066
},
{
"code":"11",
"year":"2016",
"substr(landSources,1,6)":"新增建设用地",
"value":59
},
{
"code":"32",
"year":"2016",
"substr(landSources,1,6)":"新增建设用地",
"value":3181
},
{
"code":"50",
"year":"2016",
"substr(landSources,1,6)":"现有建设用地",
"value":346
},
{
"code":"33",
"year":"2016",
"substr(landSources,1,6)":"新增建设用地",
"value":2783
},
{
"code":"41",
"year":"2016",
"substr(landSources,1,6)":"现有建设用地",
"value":1037
},
{
"code":"53",
"year":"2016",
"substr(landSources,1,6)":"新增建设用地",
"value":1467
},
{
"code":"62",
"year":"2016",
"substr(landSources,1,6)":"现有建设用地",
"value":401
},
{
"code":"15",
"year":"2016",
"substr(landSources,1,6)":"新增建设用地",
"value":1167
},
{
"code":"23",
"year":"2016",
"substr(landSources,1,6)":"现有建设用地",
"value":582
},
{
"code":"14",
"year":"2016",
"substr(landSources,1,6)":"现有建设用地",
"value":360
},
{
"code":"21",
"year":"2016",
"substr(landSources,1,6)":"现有建设用地",
"value":879
},
{
"code":"53",
"year":"2016",
"substr(landSources,1,6)":"现有建设用地",
"value":1791
},
{
"code":"23",
"year":"2016",
"substr(landSources,1,6)":"新增建设用地",
"value":523
},
{
"code":"46",
"year":"2016",
"substr(landSources,1,6)":"现有建设用地",
"value":111
},
{
"code":"32",
"year":"2016",
"substr(landSources,1,6)":"现有建设用地",
"value":2940
},
{
"code":"46",
"year":"2016",
"substr(landSources,1,6)":"新增建设用地",
"value":149
},
{
"code":"35",
"year":"2016",
"substr(landSources,1,6)":"新增建设用地",
"value":1138
},
{
"code":"34",
"year":"2016",
"substr(landSources,1,6)":"现有建设用地",
"value":1115
},
{
"code":"62",
"year":"2017",
"substr(landSources,1,6)":"新增建设用地",
"value":634
},
{
"code":"12",
"year":"2017",
"substr(landSources,1,6)":"新增建设用地",
"value":143
},
{
"code":"34",
"year":"2017",
"substr(landSources,1,6)":"新增建设用地",
"value":2370
},
{
"code":"22",
"year":"2017",
"substr(landSources,1,6)":"新增建设用地",
"value":920
},
{
"code":"35",
"year":"2017",
"substr(landSources,1,6)":"新增建设用地",
"value":1412
},
{
"code":"52",
"year":"2017",
"substr(landSources,1,6)":"现有建设用地",
"value":743
},
{
"code":"35",
"year":"2017",
"substr(landSources,1,6)":"现有建设用地",
"value":288
},
{
"code":"46",
"year":"2017",
"substr(landSources,1,6)":"现有建设用地",
"value":43
},
{
"code":"42",
"year":"2017",
"substr(landSources,1,6)":"现有建设用地",
"value":2955
},
{
"code":"63",
"year":"2017",
"substr(landSources,1,6)":"新增建设用地",
"value":222
},
{
"code":"13",
"year":"2017",
"substr(landSources,1,6)":"新增建设用地",
"value":3433
},
{
"code":"50",
"year":"2017",
"substr(landSources,1,6)":"新增建设用地",
"value":569
},
{
"code":"33",
"year":"2017",
"substr(landSources,1,6)":"现有建设用地",
"value":2567
},
{
"code":"45",
"year":"2017",
"substr(landSources,1,6)":"现有建设用地",
"value":2628
},
{
"code":"51",
"year":"2017",
"substr(landSources,1,6)":"新增建设用地",
"value":1637
},
{
"code":"46",
"year":"2017",
"substr(landSources,1,6)":"新增建设用地",
"value":95
},
{
"code":"61",
"year":"2017",
"substr(landSources,1,6)":"新增建设用地",
"value":1270
},
{
"code":"23",
"year":"2017",
"substr(landSources,1,6)":"现有建设用地",
"value":702
},
{
"code":"41",
"year":"2017",
"substr(landSources,1,6)":"新增建设用地",
"value":2733
},
{
"code":"52",
"year":"2017",
"substr(landSources,1,6)":"新增建设用地",
"value":1131
},
{
"code":"65",
"year":"2017",
"substr(landSources,1,6)":"现有建设用地",
"value":675
},
{
"code":"14",
"year":"2017",
"substr(landSources,1,6)":"现有建设用地",
"value":401
},
{
"code":"63",
"year":"2017",
"substr(landSources,1,6)":"现有建设用地",
"value":148
},
{
"code":"51",
"year":"2017",
"substr(landSources,1,6)":"现有建设用地",
"value":1988
},
{
"code":"14",
"year":"2017",
"substr(landSources,1,6)":"新增建设用地",
"value":1011
},
{
"code":"44",
"year":"2017",
"substr(landSources,1,6)":"现有建设用地",
"value":6025
},
{
"code":"21",
"year":"2017",
"substr(landSources,1,6)":"新增建设用地",
"value":865
},
{
"code":"37",
"year":"2017",
"substr(landSources,1,6)":"现有建设用地",
"value":1539
},
{
"code":"11",
"year":"2017",
"substr(landSources,1,6)":"新增建设用地",
"value":104
},
{
"code":"41",
"year":"2017",
"substr(landSources,1,6)":"现有建设用地",
"value":1041
},
{
"code":"22",
"year":"2017",
"substr(landSources,1,6)":"现有建设用地",
"value":1421
},
{
"code":"61",
"year":"2017",
"substr(landSources,1,6)":"现有建设用地",
"value":525
},
{
"code":"50",
"year":"2017",
"substr(landSources,1,6)":"现有建设用地",
"value":355
},
{
"code":"21",
"year":"2017",
"substr(landSources,1,6)":"现有建设用地",
"value":1112
},
{
"code":"53",
"year":"2017",
"substr(landSources,1,6)":"新增建设用地",
"value":1858
},
{
"code":"31",
"year":"2017",
"substr(landSources,1,6)":"新增建设用地",
"value":183
},
{
"code":"42",
"year":"2017",
"substr(landSources,1,6)":"新增建设用地",
"value":2950
},
{
"code":"36",
"year":"2017",
"substr(landSources,1,6)":"现有建设用地",
"value":849
},
{
"code":"44",
"year":"2017",
"substr(landSources,1,6)":"新增建设用地",
"value":2313
},
{
"code":"15",
"year":"2017",
"substr(landSources,1,6)":"现有建设用地",
"value":1657
},
{
"code":"43",
"year":"2017",
"substr(landSources,1,6)":"现有建设用地",
"value":4304
},
{
"code":"31",
"year":"2017",
"substr(landSources,1,6)":"现有建设用地",
"value":70
},
{
"code":"32",
"year":"2017",
"substr(landSources,1,6)":"现有建设用地",
"value":3410
},
{
"code":"64",
"year":"2017",
"substr(landSources,1,6)":"新增建设用地",
"value":449
},
{
"code":"13",
"year":"2017",
"substr(landSources,1,6)":"现有建设用地",
"value":1398
},
{
"code":"36",
"year":"2017",
"substr(landSources,1,6)":"新增建设用地",
"value":1992
},
{
"code":"43",
"year":"2017",
"substr(landSources,1,6)":"新增建设用地",
"value":2966
},
{
"code":"34",
"year":"2017",
"substr(landSources,1,6)":"现有建设用地",
"value":1391
},
{
"code":"12",
"year":"2017",
"substr(landSources,1,6)":"现有建设用地",
"value":383
},
{
"code":"65",
"year":"2017",
"substr(landSources,1,6)":"新增建设用地",
"value":852
},
{
"code":"64",
"year":"2017",
"substr(landSources,1,6)":"现有建设用地",
"value":271
},
{
"code":"33",
"year":"2017",
"substr(landSources,1,6)":"新增建设用地",
"value":3811
},
{
"code":"23",
"year":"2017",
"substr(landSources,1,6)":"新增建设用地",
"value":492
},
{
"code":"45",
"year":"2017",
"substr(landSources,1,6)":"新增建设用地",
"value":1663
},
{
"code":"11",
"year":"2017",
"substr(landSources,1,6)":"现有建设用地",
"value":101
},
{
"code":"32",
"year":"2017",
"substr(landSources,1,6)":"新增建设用地",
"value":3670
},
{
"code":"62",
"year":"2017",
"substr(landSources,1,6)":"现有建设用地",
"value":442
},
{
"code":"37",
"year":"2017",
"substr(landSources,1,6)":"新增建设用地",
"value":4304
},
{
"code":"15",
"year":"2017",
"substr(landSources,1,6)":"新增建设用地",
"value":1319
},
{
"code":"53",
"year":"2017",
"substr(landSources,1,6)":"现有建设用地",
"value":2043
}
]
}