{
"RECORDS":[
{
"code":"37",
"year":"2014",
"supply":"协议出让",
"value":634
},
{
"code":"36",
"year":"2014",
"supply":"协议出让",
"value":262
},
{
"code":"35",
"year":"2014",
"supply":"协议出让",
"value":73
},
{
"code":"12",
"year":"2014",
"supply":"挂牌出让",
"value":250
},
{
"code":"62",
"year":"2014",
"supply":"招标出让",
"value":2
},
{
"code":"44",
"year":"2014",
"supply":"划拨",
"value":8
},
{
"code":"62",
"year":"2014",
"supply":"划拨",
"value":136
},
{
"code":"21",
"year":"2014",
"supply":"招标出让",
"value":6
},
{
"code":"52",
"year":"2014",
"supply":"划拨",
"value":16
},
{
"code":"61",
"year":"2014",
"supply":"招标出让",
"value":5
},
{
"code":"21",
"year":"2014",
"supply":"挂牌出让",
"value":1880
},
{
"code":"13",
"year":"2014",
"supply":"划拨",
"value":33
},
{
"code":"36",
"year":"2014",
"supply":"招标出让",
"value":2
},
{
"code":"13",
"year":"2014",
"supply":"挂牌出让",
"value":3105
},
{
"code":"41",
"year":"2014",
"supply":"挂牌出让",
"value":2893
},
{
"code":"43",
"year":"2014",
"supply":"挂牌出让",
"value":2427
},
{
"code":"50",
"year":"2014",
"supply":"协议出让",
"value":47
},
{
"code":"23",
"year":"2014",
"supply":"协议出让",
"value":344
},
{
"code":"50",
"year":"2014",
"supply":"划拨",
"value":55
},
{
"code":"51",
"year":"2014",
"supply":"划拨",
"value":87
},
{
"code":"41",
"year":"2014",
"supply":"协议出让",
"value":333
},
{
"code":"11",
"year":"2014",
"supply":"挂牌出让",
"value":110
},
{
"code":"14",
"year":"2014",
"supply":"拍卖出让",
"value":70
},
{
"code":"31",
"year":"2014",
"supply":"招标出让",
"value":5
},
{
"code":"42",
"year":"2014",
"supply":"租赁",
"value":23
},
{
"code":"12",
"year":"2014",
"supply":"招标出让",
"value":1
},
{
"code":"32",
"year":"2014",
"supply":"拍卖出让",
"value":34
},
{
"code":"37",
"year":"2014",
"supply":"招标出让",
"value":5
},
{
"code":"34",
"year":"2014",
"supply":"拍卖出让",
"value":410
},
{
"code":"53",
"year":"2014",
"supply":"挂牌出让",
"value":1275
},
{
"code":"44",
"year":"2014",
"supply":"协议出让",
"value":3916
},
{
"code":"33",
"year":"2014",
"supply":"挂牌出让",
"value":3052
},
{
"code":"62",
"year":"2014",
"supply":"挂牌出让",
"value":887
},
{
"code":"51",
"year":"2014",
"supply":"拍卖出让",
"value":800
},
{
"code":"42",
"year":"2014",
"supply":"招标出让",
"value":9
},
{
"code":"22",
"year":"2014",
"supply":"协议出让",
"value":808
},
{
"code":"21",
"year":"2014",
"supply":"协议出让",
"value":427
},
{
"code":"36",
"year":"2014",
"supply":"划拨",
"value":8
},
{
"code":"33",
"year":"2014",
"supply":"招标出让",
"value":74
},
{
"code":"11",
"year":"2014",
"supply":"协议出让",
"value":131
},
{
"code":"23",
"year":"2014",
"supply":"拍卖出让",
"value":4
},
{
"code":"35",
"year":"2014",
"supply":"租赁",
"value":4
},
{
"code":"62",
"year":"2014",
"supply":"拍卖出让",
"value":65
},
{
"code":"12",
"year":"2014",
"supply":"拍卖出让",
"value":5
},
{
"code":"44",
"year":"2014",
"supply":"招标出让",
"value":10
},
{
"code":"52",
"year":"2014",
"supply":"拍卖出让",
"value":308
},
{
"code":"44",
"year":"2014",
"supply":"拍卖出让",
"value":193
},
{
"code":"15",
"year":"2014",
"supply":"挂牌出让",
"value":2106
},
{
"code":"61",
"year":"2014",
"supply":"挂牌出让",
"value":1237
},
{
"code":"46",
"year":"2014",
"supply":"挂牌出让",
"value":130
},
{
"code":"36",
"year":"2014",
"supply":"挂牌出让",
"value":1452
},
{
"code":"13",
"year":"2014",
"supply":"协议出让",
"value":461
},
{
"code":"32",
"year":"2014",
"supply":"挂牌出让",
"value":5848
},
{
"code":"21",
"year":"2014",
"supply":"拍卖出让",
"value":139
},
{
"code":"14",
"year":"2014",
"supply":"协议出让",
"value":214
},
{
"code":"53",
"year":"2014",
"supply":"划拨",
"value":24
},
{
"code":"63",
"year":"2014",
"supply":"协议出让",
"value":194
},
{
"code":"65",
"year":"2014",
"supply":"拍卖出让",
"value":27
},
{
"code":"63",
"year":"2014",
"supply":"划拨",
"value":3
},
{
"code":"11",
"year":"2014",
"supply":"招标出让",
"value":15
},
{
"code":"43",
"year":"2014",
"supply":"招标出让",
"value":20
},
{
"code":"31",
"year":"2014",
"supply":"协议出让",
"value":15
},
{
"code":"34",
"year":"2014",
"supply":"招标出让",
"value":1
},
{
"code":"33",
"year":"2014",
"supply":"拍卖出让",
"value":651
},
{
"code":"52",
"year":"2014",
"supply":"挂牌出让",
"value":1669
},
{
"code":"44",
"year":"2014",
"supply":"挂牌出让",
"value":1721
},
{
"code":"33",
"year":"2014",
"supply":"划拨",
"value":413
},
{
"code":"64",
"year":"2014",
"supply":"挂牌出让",
"value":579
},
{
"code":"42",
"year":"2014",
"supply":"拍卖出让",
"value":507
},
{
"code":"33",
"year":"2014",
"supply":"协议出让",
"value":260
},
{
"code":"31",
"year":"2014",
"supply":"挂牌出让",
"value":257
},
{
"code":"12",
"year":"2014",
"supply":"协议出让",
"value":251
},
{
"code":"61",
"year":"2014",
"supply":"划拨",
"value":58
},
{
"code":"43",
"year":"2014",
"supply":"划拨",
"value":46
},
{
"code":"42",
"year":"2014",
"supply":"划拨",
"value":82
},
{
"code":"65",
"year":"2014",
"supply":"招标出让",
"value":15
},
{
"code":"15",
"year":"2014",
"supply":"划拨",
"value":4
},
{
"code":"14",
"year":"2014",
"supply":"招标出让",
"value":1
},
{
"code":"65",
"year":"2014",
"supply":"划拨",
"value":41
},
{
"code":"46",
"year":"2014",
"supply":"划拨",
"value":5
},
{
"code":"45",
"year":"2014",
"supply":"招标出让",
"value":2
},
{
"code":"52",
"year":"2014",
"supply":"协议出让",
"value":454
},
{
"code":"53",
"year":"2014",
"supply":"拍卖出让",
"value":519
},
{
"code":"36",
"year":"2014",
"supply":"拍卖出让",
"value":962
},
{
"code":"65",
"year":"2014",
"supply":"挂牌出让",
"value":1846
},
{
"code":"42",
"year":"2014",
"supply":"协议出让",
"value":1173
},
{
"code":"43",
"year":"2014",
"supply":"协议出让",
"value":3798
},
{
"code":"37",
"year":"2014",
"supply":"拍卖出让",
"value":1111
},
{
"code":"13",
"year":"2014",
"supply":"拍卖出让",
"value":489
},
{
"code":"13",
"year":"2014",
"supply":"招标出让",
"value":26
},
{
"code":"64",
"year":"2014",
"supply":"协议出让",
"value":22
},
{
"code":"65",
"year":"2014",
"supply":"协议出让",
"value":208
},
{
"code":"32",
"year":"2014",
"supply":"租赁",
"value":9
},
{
"code":"22",
"year":"2014",
"supply":"划拨",
"value":46
},
{
"code":"46",
"year":"2014",
"supply":"招标出让",
"value":37
},
{
"code":"23",
"year":"2014",
"supply":"招标出让",
"value":15
},
{
"code":"23",
"year":"2014",
"supply":"挂牌出让",
"value":1282
},
{
"code":"41",
"year":"2014",
"supply":"拍卖出让",
"value":381
},
{
"code":"43",
"year":"2014",
"supply":"拍卖出让",
"value":450
},
{
"code":"14",
"year":"2014",
"supply":"划拨",
"value":25
},
{
"code":"50",
"year":"2014",
"supply":"挂牌出让",
"value":695
},
{
"code":"34",
"year":"2014",
"supply":"协议出让",
"value":322
},
{
"code":"37",
"year":"2014",
"supply":"划拨",
"value":110
},
{
"code":"51",
"year":"2014",
"supply":"协议出让",
"value":2587
},
{
"code":"45",
"year":"2014",
"supply":"拍卖出让",
"value":184
},
{
"code":"15",
"year":"2014",
"supply":"协议出让",
"value":595
},
{
"code":"32",
"year":"2014",
"supply":"协议出让",
"value":603
},
{
"code":"34",
"year":"2014",
"supply":"划拨",
"value":58
},
{
"code":"35",
"year":"2014",
"supply":"划拨",
"value":24
},
{
"code":"23",
"year":"2014",
"supply":"划拨",
"value":6
},
{
"code":"41",
"year":"2014",
"supply":"划拨",
"value":56
},
{
"code":"21",
"year":"2014",
"supply":"划拨",
"value":3
},
{
"code":"35",
"year":"2014",
"supply":"招标出让",
"value":9
},
{
"code":"50",
"year":"2014",
"supply":"招标出让",
"value":3
},
{
"code":"61",
"year":"2014",
"supply":"拍卖出让",
"value":54
},
{
"code":"53",
"year":"2014",
"supply":"协议出让",
"value":1577
},
{
"code":"35",
"year":"2014",
"supply":"拍卖出让",
"value":168
},
{
"code":"37",
"year":"2014",
"supply":"挂牌出让",
"value":5026
},
{
"code":"34",
"year":"2014",
"supply":"挂牌出让",
"value":2643
},
{
"code":"45",
"year":"2014",
"supply":"协议出让",
"value":2545
},
{
"code":"45",
"year":"2014",
"supply":"挂牌出让",
"value":1143
},
{
"code":"63",
"year":"2014",
"supply":"挂牌出让",
"value":257
},
{
"code":"61",
"year":"2014",
"supply":"协议出让",
"value":249
},
{
"code":"50",
"year":"2014",
"supply":"拍卖出让",
"value":135
},
{
"code":"32",
"year":"2014",
"supply":"划拨",
"value":24
},
{
"code":"46",
"year":"2014",
"supply":"协议出让",
"value":50
},
{
"code":"46",
"year":"2014",
"supply":"拍卖出让",
"value":2
},
{
"code":"15",
"year":"2014",
"supply":"拍卖出让",
"value":51
},
{
"code":"33",
"year":"2014",
"supply":"租赁",
"value":3
},
{
"code":"64",
"year":"2014",
"supply":"划拨",
"value":2
},
{
"code":"63",
"year":"2014",
"supply":"拍卖出让",
"value":2
},
{
"code":"35",
"year":"2014",
"supply":"挂牌出让",
"value":1368
},
{
"code":"62",
"year":"2014",
"supply":"协议出让",
"value":277
},
{
"code":"22",
"year":"2014",
"supply":"挂牌出让",
"value":1488
},
{
"code":"14",
"year":"2014",
"supply":"挂牌出让",
"value":1495
},
{
"code":"51",
"year":"2014",
"supply":"挂牌出让",
"value":1345
},
{
"code":"45",
"year":"2014",
"supply":"划拨",
"value":43
},
{
"code":"42",
"year":"2014",
"supply":"挂牌出让",
"value":3391
},
{
"code":"33",
"year":"2015",
"supply":"挂牌出让",
"value":247
},
{
"code":"33",
"year":"2015",
"supply":"拍卖出让",
"value":63
},
{
"code":"35",
"year":"2015",
"supply":"协议出让",
"value":3
},
{
"code":"32",
"year":"2015",
"supply":"挂牌出让",
"value":673
},
{
"code":"36",
"year":"2015",
"supply":"挂牌出让",
"value":138
},
{
"code":"34",
"year":"2015",
"supply":"拍卖出让",
"value":32
},
{
"code":"37",
"year":"2015",
"supply":"拍卖出让",
"value":162
},
{
"code":"14",
"year":"2015",
"supply":"拍卖出让",
"value":4
},
{
"code":"65",
"year":"2015",
"supply":"划拨",
"value":1
},
{
"code":"64",
"year":"2015",
"supply":"协议出让",
"value":5
},
{
"code":"52",
"year":"2015",
"supply":"挂牌出让",
"value":181
},
{
"code":"64",
"year":"2015",
"supply":"挂牌出让",
"value":29
},
{
"code":"61",
"year":"2015",
"supply":"划拨",
"value":1
},
{
"code":"45",
"year":"2015",
"supply":"拍卖出让",
"value":12
},
{
"code":"51",
"year":"2015",
"supply":"拍卖出让",
"value":89
},
{
"code":"42",
"year":"2015",
"supply":"协议出让",
"value":133
},
{
"code":"23",
"year":"2015",
"supply":"协议出让",
"value":53
},
{
"code":"65",
"year":"2015",
"supply":"挂牌出让",
"value":89
},
{
"code":"41",
"year":"2015",
"supply":"协议出让",
"value":14
},
{
"code":"46",
"year":"2015",
"supply":"挂牌出让",
"value":10
},
{
"code":"33",
"year":"2015",
"supply":"招标出让",
"value":1
},
{
"code":"46",
"year":"2015",
"supply":"拍卖出让",
"value":5
},
{
"code":"43",
"year":"2015",
"supply":"拍卖出让",
"value":96
},
{
"code":"15",
"year":"2015",
"supply":"拍卖出让",
"value":2
},
{
"code":"34",
"year":"2015",
"supply":"划拨",
"value":5
},
{
"code":"41",
"year":"2015",
"supply":"拍卖出让",
"value":42
},
{
"code":"51",
"year":"2015",
"supply":"协议出让",
"value":391
},
{
"code":"50",
"year":"2015",
"supply":"挂牌出让",
"value":53
},
{
"code":"21",
"year":"2015",
"supply":"协议出让",
"value":27
},
{
"code":"35",
"year":"2015",
"supply":"挂牌出让",
"value":102
},
{
"code":"42",
"year":"2015",
"supply":"拍卖出让",
"value":72
},
{
"code":"45",
"year":"2015",
"supply":"招标出让",
"value":1
},
{
"code":"65",
"year":"2015",
"supply":"拍卖出让",
"value":1
},
{
"code":"15",
"year":"2015",
"supply":"划拨",
"value":1
},
{
"code":"65",
"year":"2015",
"supply":"协议出让",
"value":18
},
{
"code":"36",
"year":"2015",
"supply":"协议出让",
"value":10
},
{
"code":"42",
"year":"2015",
"supply":"租赁",
"value":5
},
{
"code":"13",
"year":"2015",
"supply":"拍卖出让",
"value":45
},
{
"code":"21",
"year":"2015",
"supply":"挂牌出让",
"value":110
},
{
"code":"22",
"year":"2015",
"supply":"协议出让",
"value":31
},
{
"code":"14",
"year":"2015",
"supply":"划拨",
"value":2
},
{
"code":"42",
"year":"2015",
"supply":"挂牌出让",
"value":261
},
{
"code":"36",
"year":"2015",
"supply":"拍卖出让",
"value":112
},
{
"code":"13",
"year":"2015",
"supply":"划拨",
"value":1
},
{
"code":"62",
"year":"2015",
"supply":"拍卖出让",
"value":5
},
{
"code":"21",
"year":"2015",
"supply":"划拨",
"value":1
},
{
"code":"31",
"year":"2015",
"supply":"挂牌出让",
"value":19
},
{
"code":"52",
"year":"2015",
"supply":"协议出让",
"value":19
},
{
"code":"50",
"year":"2015",
"supply":"协议出让",
"value":3
},
{
"code":"62",
"year":"2015",
"supply":"协议出让",
"value":5
},
{
"code":"45",
"year":"2015",
"supply":"挂牌出让",
"value":98
},
{
"code":"37",
"year":"2015",
"supply":"挂牌出让",
"value":306
},
{
"code":"51",
"year":"2015",
"supply":"挂牌出让",
"value":164
},
{
"code":"51",
"year":"2015",
"supply":"划拨",
"value":8
},
{
"code":"12",
"year":"2015",
"supply":"协议出让",
"value":15
},
{
"code":"13",
"year":"2015",
"supply":"挂牌出让",
"value":260
},
{
"code":"52",
"year":"2015",
"supply":"划拨",
"value":14
},
{
"code":"61",
"year":"2015",
"supply":"拍卖出让",
"value":14
},
{
"code":"46",
"year":"2015",
"supply":"招标出让",
"value":3
},
{
"code":"61",
"year":"2015",
"supply":"协议出让",
"value":26
},
{
"code":"37",
"year":"2015",
"supply":"划拨",
"value":7
},
{
"code":"43",
"year":"2015",
"supply":"划拨",
"value":15
},
{
"code":"14",
"year":"2015",
"supply":"协议出让",
"value":40
},
{
"code":"21",
"year":"2015",
"supply":"拍卖出让",
"value":17
},
{
"code":"34",
"year":"2015",
"supply":"挂牌出让",
"value":247
},
{
"code":"23",
"year":"2015",
"supply":"挂牌出让",
"value":85
},
{
"code":"62",
"year":"2015",
"supply":"挂牌出让",
"value":117
},
{
"code":"12",
"year":"2015",
"supply":"挂牌出让",
"value":14
},
{
"code":"43",
"year":"2015",
"supply":"挂牌出让",
"value":241
},
{
"code":"53",
"year":"2015",
"supply":"拍卖出让",
"value":33
},
{
"code":"44",
"year":"2015",
"supply":"拍卖出让",
"value":17
},
{
"code":"22",
"year":"2015",
"supply":"挂牌出让",
"value":70
},
{
"code":"32",
"year":"2015",
"supply":"划拨",
"value":8
},
{
"code":"34",
"year":"2015",
"supply":"协议出让",
"value":16
},
{
"code":"11",
"year":"2015",
"supply":"挂牌出让",
"value":1
},
{
"code":"53",
"year":"2015",
"supply":"挂牌出让",
"value":105
},
{
"code":"61",
"year":"2015",
"supply":"挂牌出让",
"value":71
},
{
"code":"37",
"year":"2015",
"supply":"协议出让",
"value":58
},
{
"code":"41",
"year":"2015",
"supply":"划拨",
"value":5
},
{
"code":"44",
"year":"2015",
"supply":"协议出让",
"value":291
},
{
"code":"33",
"year":"2015",
"supply":"协议出让",
"value":26
},
{
"code":"33",
"year":"2015",
"supply":"划拨",
"value":17
},
{
"code":"32",
"year":"2015",
"supply":"协议出让",
"value":34
},
{
"code":"14",
"year":"2015",
"supply":"挂牌出让",
"value":91
},
{
"code":"43",
"year":"2015",
"supply":"协议出让",
"value":252
},
{
"code":"41",
"year":"2015",
"supply":"挂牌出让",
"value":243
},
{
"code":"50",
"year":"2015",
"supply":"划拨",
"value":2
},
{
"code":"44",
"year":"2015",
"supply":"划拨",
"value":1
},
{
"code":"45",
"year":"2015",
"supply":"划拨",
"value":1
},
{
"code":"15",
"year":"2015",
"supply":"协议出让",
"value":45
},
{
"code":"53",
"year":"2015",
"supply":"划拨",
"value":2
},
{
"code":"52",
"year":"2015",
"supply":"拍卖出让",
"value":22
},
{
"code":"35",
"year":"2015",
"supply":"划拨",
"value":5
},
{
"code":"44",
"year":"2015",
"supply":"挂牌出让",
"value":162
},
{
"code":"53",
"year":"2015",
"supply":"协议出让",
"value":57
},
{
"code":"63",
"year":"2015",
"supply":"协议出让",
"value":17
},
{
"code":"42",
"year":"2015",
"supply":"划拨",
"value":7
},
{
"code":"13",
"year":"2015",
"supply":"协议出让",
"value":24
},
{
"code":"45",
"year":"2015",
"supply":"协议出让",
"value":272
},
{
"code":"15",
"year":"2015",
"supply":"挂牌出让",
"value":153
},
{
"code":"13",
"year":"2015",
"supply":"招标出让",
"value":1
},
{
"code":"32",
"year":"2015",
"supply":"拍卖出让",
"value":2
},
{
"code":"11",
"year":"2015",
"supply":"协议出让",
"value":11
},
{
"code":"50",
"year":"2015",
"supply":"拍卖出让",
"value":9
},
{
"code":"35",
"year":"2015",
"supply":"拍卖出让",
"value":12
},
{
"code":"63",
"year":"2015",
"supply":"挂牌出让",
"value":17
},
{
"code":"37",
"year":"2016",
"supply":"划拨",
"value":123
},
{
"code":"23",
"year":"2016",
"supply":"协议出让",
"value":372
},
{
"code":"65",
"year":"2016",
"supply":"挂牌出让",
"value":1356
},
{
"code":"52",
"year":"2016",
"supply":"划拨",
"value":27
},
{
"code":"63",
"year":"2016",
"supply":"协议出让",
"value":135
},
{
"code":"13",
"year":"2016",
"supply":"挂牌出让",
"value":3132
},
{
"code":"35",
"year":"2016",
"supply":"拍卖出让",
"value":257
},
{
"code":"13",
"year":"2016",
"supply":"协议出让",
"value":420
},
{
"code":"53",
"year":"2016",
"supply":"拍卖出让",
"value":504
},
{
"code":"14",
"year":"2016",
"supply":"招标出让",
"value":1
},
{
"code":"44",
"year":"2016",
"supply":"协议出让",
"value":4857
},
{
"code":"21",
"year":"2016",
"supply":"协议出让",
"value":530
},
{
"code":"33",
"year":"2016",
"supply":"招标出让",
"value":65
},
{
"code":"61",
"year":"2016",
"supply":"拍卖出让",
"value":26
},
{
"code":"42",
"year":"2016",
"supply":"招标出让",
"value":2
},
{
"code":"12",
"year":"2016",
"supply":"拍卖出让",
"value":3
},
{
"code":"36",
"year":"2016",
"supply":"招标出让",
"value":1
},
{
"code":"12",
"year":"2016",
"supply":"挂牌出让",
"value":204
},
{
"code":"31",
"year":"2016",
"supply":"挂牌出让",
"value":179
},
{
"code":"43",
"year":"2016",
"supply":"协议出让",
"value":3640
},
{
"code":"63",
"year":"2016",
"supply":"挂牌出让",
"value":273
},
{
"code":"14",
"year":"2016",
"supply":"划拨",
"value":25
},
{
"code":"23",
"year":"2016",
"supply":"挂牌出让",
"value":721
},
{
"code":"53",
"year":"2016",
"supply":"协议出让",
"value":1576
},
{
"code":"15",
"year":"2016",
"supply":"协议出让",
"value":490
},
{
"code":"51",
"year":"2016",
"supply":"协议出让",
"value":1742
},
{
"code":"46",
"year":"2016",
"supply":"挂牌出让",
"value":134
},
{
"code":"33",
"year":"2016",
"supply":"挂牌出让",
"value":2830
},
{
"code":"50",
"year":"2016",
"supply":"协议出让",
"value":20
},
{
"code":"37",
"year":"2016",
"supply":"招标出让",
"value":8
},
{
"code":"21",
"year":"2016",
"supply":"拍卖出让",
"value":76
},
{
"code":"61",
"year":"2016",
"supply":"划拨",
"value":33
},
{
"code":"43",
"year":"2016",
"supply":"招标出让",
"value":19
},
{
"code":"33",
"year":"2016",
"supply":"租赁",
"value":3
},
{
"code":"44",
"year":"2016",
"supply":"拍卖出让",
"value":251
},
{
"code":"44",
"year":"2016",
"supply":"挂牌出让",
"value":1614
},
{
"code":"11",
"year":"2016",
"supply":"挂牌出让",
"value":42
},
{
"code":"15",
"year":"2016",
"supply":"挂牌出让",
"value":1701
},
{
"code":"51",
"year":"2016",
"supply":"划拨",
"value":108
},
{
"code":"11",
"year":"2016",
"supply":"协议出让",
"value":77
},
{
"code":"37",
"year":"2016",
"supply":"拍卖出让",
"value":562
},
{
"code":"22",
"year":"2016",
"supply":"挂牌出让",
"value":1256
},
{
"code":"42",
"year":"2016",
"supply":"协议出让",
"value":2141
},
{
"code":"36",
"year":"2016",
"supply":"挂牌出让",
"value":1172
},
{
"code":"13",
"year":"2016",
"supply":"拍卖出让",
"value":827
},
{
"code":"35",
"year":"2016",
"supply":"挂牌出让",
"value":926
},
{
"code":"15",
"year":"2016",
"supply":"拍卖出让",
"value":37
},
{
"code":"22",
"year":"2016",
"supply":"划拨",
"value":26
},
{
"code":"45",
"year":"2016",
"supply":"划拨",
"value":85
},
{
"code":"62",
"year":"2016",
"supply":"划拨",
"value":7
},
{
"code":"64",
"year":"2016",
"supply":"拍卖出让",
"value":2
},
{
"code":"50",
"year":"2016",
"supply":"招标出让",
"value":3
},
{
"code":"42",
"year":"2016",
"supply":"拍卖出让",
"value":416
},
{
"code":"14",
"year":"2016",
"supply":"协议出让",
"value":173
},
{
"code":"46",
"year":"2016",
"supply":"协议出让",
"value":35
},
{
"code":"65",
"year":"2016",
"supply":"划拨",
"value":48
},
{
"code":"52",
"year":"2016",
"supply":"协议出让",
"value":312
},
{
"code":"32",
"year":"2016",
"supply":"划拨",
"value":26
},
{
"code":"51",
"year":"2016",
"supply":"拍卖出让",
"value":889
},
{
"code":"41",
"year":"2016",
"supply":"挂牌出让",
"value":2715
},
{
"code":"13",
"year":"2016",
"supply":"招标出让",
"value":42
},
{
"code":"21",
"year":"2016",
"supply":"挂牌出让",
"value":1272
},
{
"code":"65",
"year":"2016",
"supply":"协议出让",
"value":173
},
{
"code":"61",
"year":"2016",
"supply":"挂牌出让",
"value":1273
},
{
"code":"61",
"year":"2016",
"supply":"协议出让",
"value":358
},
{
"code":"52",
"year":"2016",
"supply":"拍卖出让",
"value":126
},
{
"code":"50",
"year":"2016",
"supply":"划拨",
"value":59
},
{
"code":"23",
"year":"2016",
"supply":"拍卖出让",
"value":4
},
{
"code":"34",
"year":"2016",
"supply":"招标出让",
"value":1
},
{
"code":"52",
"year":"2016",
"supply":"招标出让",
"value":3
},
{
"code":"41",
"year":"2016",
"supply":"划拨",
"value":61
},
{
"code":"43",
"year":"2016",
"supply":"拍卖出让",
"value":325
},
{
"code":"43",
"year":"2016",
"supply":"划拨",
"value":44
},
{
"code":"46",
"year":"2016",
"supply":"拍卖出让",
"value":78
},
{
"code":"35",
"year":"2016",
"supply":"划拨",
"value":32
},
{
"code":"52",
"year":"2016",
"supply":"挂牌出让",
"value":1362
},
{
"code":"34",
"year":"2016",
"supply":"拍卖出让",
"value":470
},
{
"code":"32",
"year":"2016",
"supply":"拍卖出让",
"value":84
},
{
"code":"53",
"year":"2016",
"supply":"划拨",
"value":18
},
{
"code":"42",
"year":"2016",
"supply":"挂牌出让",
"value":2710
},
{
"code":"62",
"year":"2016",
"supply":"协议出让",
"value":201
},
{
"code":"13",
"year":"2016",
"supply":"划拨",
"value":31
},
{
"code":"44",
"year":"2016",
"supply":"划拨",
"value":23
},
{
"code":"22",
"year":"2016",
"supply":"拍卖出让",
"value":3
},
{
"code":"31",
"year":"2016",
"supply":"协议出让",
"value":3
},
{
"code":"15",
"year":"2016",
"supply":"划拨",
"value":2
},
{
"code":"42",
"year":"2016",
"supply":"划拨",
"value":58
},
{
"code":"45",
"year":"2016",
"supply":"挂牌出让",
"value":1099
},
{
"code":"64",
"year":"2016",
"supply":"挂牌出让",
"value":526
},
{
"code":"50",
"year":"2016",
"supply":"拍卖出让",
"value":39
},
{
"code":"33",
"year":"2016",
"supply":"拍卖出让",
"value":738
},
{
"code":"34",
"year":"2016",
"supply":"挂牌出让",
"value":2607
},
{
"code":"14",
"year":"2016",
"supply":"挂牌出让",
"value":1021
},
{
"code":"50",
"year":"2016",
"supply":"挂牌出让",
"value":802
},
{
"code":"12",
"year":"2016",
"supply":"协议出让",
"value":346
},
{
"code":"45",
"year":"2016",
"supply":"拍卖出让",
"value":165
},
{
"code":"14",
"year":"2016",
"supply":"拍卖出让",
"value":78
},
{
"code":"65",
"year":"2016",
"supply":"拍卖出让",
"value":19
},
{
"code":"62",
"year":"2016",
"supply":"招标出让",
"value":1
},
{
"code":"63",
"year":"2016",
"supply":"划拨",
"value":2
},
{
"code":"11",
"year":"2016",
"supply":"招标出让",
"value":1
},
{
"code":"34",
"year":"2016",
"supply":"划拨",
"value":62
},
{
"code":"36",
"year":"2016",
"supply":"协议出让",
"value":139
},
{
"code":"37",
"year":"2016",
"supply":"挂牌出让",
"value":4237
},
{
"code":"41",
"year":"2016",
"supply":"协议出让",
"value":254
},
{
"code":"35",
"year":"2016",
"supply":"协议出让",
"value":108
},
{
"code":"33",
"year":"2016",
"supply":"划拨",
"value":253
},
{
"code":"53",
"year":"2016",
"supply":"挂牌出让",
"value":1160
},
{
"code":"51",
"year":"2016",
"supply":"挂牌出让",
"value":1223
},
{
"code":"32",
"year":"2016",
"supply":"协议出让",
"value":642
},
{
"code":"34",
"year":"2016",
"supply":"协议出让",
"value":220
},
{
"code":"62",
"year":"2016",
"supply":"拍卖出让",
"value":33
},
{
"code":"36",
"year":"2016",
"supply":"划拨",
"value":4
},
{
"code":"42",
"year":"2016",
"supply":"租赁",
"value":3
},
{
"code":"23",
"year":"2016",
"supply":"划拨",
"value":8
},
{
"code":"46",
"year":"2016",
"supply":"招标出让",
"value":2
},
{
"code":"22",
"year":"2016",
"supply":"协议出让",
"value":791
},
{
"code":"32",
"year":"2016",
"supply":"租赁",
"value":10
},
{
"code":"32",
"year":"2016",
"supply":"挂牌出让",
"value":5359
},
{
"code":"41",
"year":"2016",
"supply":"拍卖出让",
"value":308
},
{
"code":"64",
"year":"2016",
"supply":"协议出让",
"value":29
},
{
"code":"37",
"year":"2016",
"supply":"协议出让",
"value":633
},
{
"code":"33",
"year":"2016",
"supply":"协议出让",
"value":408
},
{
"code":"43",
"year":"2016",
"supply":"挂牌出让",
"value":2373
},
{
"code":"45",
"year":"2016",
"supply":"协议出让",
"value":2124
},
{
"code":"36",
"year":"2016",
"supply":"拍卖出让",
"value":991
},
{
"code":"62",
"year":"2016",
"supply":"挂牌出让",
"value":893
},
{
"code":"46",
"year":"2016",
"supply":"划拨",
"value":11
},
{
"code":"44",
"year":"2016",
"supply":"招标出让",
"value":7
},
{
"code":"63",
"year":"2016",
"supply":"拍卖出让",
"value":1
},
{
"code":"21",
"year":"2016",
"supply":"划拨",
"value":1
},
{
"code":"45",
"year":"2016",
"supply":"招标出让",
"value":1
},
{
"code":"46",
"year":"2017",
"supply":"协议出让",
"value":21
},
{
"code":"45",
"year":"2017",
"supply":"划拨",
"value":368
},
{
"code":"14",
"year":"2017",
"supply":"招标出让",
"value":1
},
{
"code":"51",
"year":"2017",
"supply":"划拨",
"value":144
},
{
"code":"33",
"year":"2017",
"supply":"挂牌出让",
"value":3648
},
{
"code":"53",
"year":"2017",
"supply":"招标出让",
"value":3
},
{
"code":"36",
"year":"2017",
"supply":"挂牌出让",
"value":1366
},
{
"code":"35",
"year":"2017",
"supply":"挂牌出让",
"value":1011
},
{
"code":"51",
"year":"2017",
"supply":"挂牌出让",
"value":1150
},
{
"code":"64",
"year":"2017",
"supply":"拍卖出让",
"value":6
},
{
"code":"53",
"year":"2017",
"supply":"挂牌出让",
"value":1074
},
{
"code":"21",
"year":"2017",
"supply":"划拨",
"value":9
},
{
"code":"50",
"year":"2017",
"supply":"协议出让",
"value":16
},
{
"code":"32",
"year":"2017",
"supply":"拍卖出让",
"value":44
},
{
"code":"35",
"year":"2017",
"supply":"拍卖出让",
"value":453
},
{
"code":"42",
"year":"2017",
"supply":"挂牌出让",
"value":2694
},
{
"code":"42",
"year":"2017",
"supply":"协议出让",
"value":2686
},
{
"code":"34",
"year":"2017",
"supply":"划拨",
"value":85
},
{
"code":"63",
"year":"2017",
"supply":"划拨",
"value":6
},
{
"code":"35",
"year":"2017",
"supply":"协议出让",
"value":166
},
{
"code":"41",
"year":"2017",
"supply":"招标出让",
"value":1
},
{
"code":"37",
"year":"2017",
"supply":"划拨",
"value":197
},
{
"code":"35",
"year":"2017",
"supply":"划拨",
"value":66
},
{
"code":"14",
"year":"2017",
"supply":"拍卖出让",
"value":58
},
{
"code":"53",
"year":"2017",
"supply":"拍卖出让",
"value":819
},
{
"code":"43",
"year":"2017",
"supply":"划拨",
"value":105
},
{
"code":"45",
"year":"2017",
"supply":"协议出让",
"value":2561
},
{
"code":"44",
"year":"2017",
"supply":"租赁",
"value":32
},
{
"code":"65",
"year":"2017",
"supply":"划拨",
"value":62
},
{
"code":"31",
"year":"2017",
"supply":"协议出让",
"value":7
},
{
"code":"44",
"year":"2017",
"supply":"拍卖出让",
"value":212
},
{
"code":"21",
"year":"2017",
"supply":"招标出让",
"value":7
},
{
"code":"44",
"year":"2017",
"supply":"挂牌出让",
"value":2435
},
{
"code":"51",
"year":"2017",
"supply":"招标出让",
"value":2
},
{
"code":"65",
"year":"2017",
"supply":"挂牌出让",
"value":1275
},
{
"code":"62",
"year":"2017",
"supply":"挂牌出让",
"value":846
},
{
"code":"12",
"year":"2017",
"supply":"拍卖出让",
"value":2
},
{
"code":"37",
"year":"2017",
"supply":"拍卖出让",
"value":495
},
{
"code":"43",
"year":"2017",
"supply":"挂牌出让",
"value":2366
},
{
"code":"33",
"year":"2017",
"supply":"拍卖出让",
"value":1417
},
{
"code":"41",
"year":"2017",
"supply":"协议出让",
"value":342
},
{
"code":"15",
"year":"2017",
"supply":"挂牌出让",
"value":1903
},
{
"code":"14",
"year":"2017",
"supply":"划拨",
"value":34
},
{
"code":"64",
"year":"2017",
"supply":"协议出让",
"value":160
},
{
"code":"15",
"year":"2017",
"supply":"划拨",
"value":5
},
{
"code":"32",
"year":"2017",
"supply":"划拨",
"value":30
},
{
"code":"33",
"year":"2017",
"supply":"招标出让",
"value":71
},
{
"code":"23",
"year":"2017",
"supply":"划拨",
"value":4
},
{
"code":"41",
"year":"2017",
"supply":"挂牌出让",
"value":2941
},
{
"code":"32",
"year":"2017",
"supply":"租赁",
"value":10
},
{
"code":"34",
"year":"2017",
"supply":"挂牌出让",
"value":2741
},
{
"code":"51",
"year":"2017",
"supply":"拍卖出让",
"value":766
},
{
"code":"45",
"year":"2017",
"supply":"招标出让",
"value":1
},
{
"code":"14",
"year":"2017",
"supply":"挂牌出让",
"value":1130
},
{
"code":"53",
"year":"2017",
"supply":"协议出让",
"value":1927
},
{
"code":"35",
"year":"2017",
"supply":"租赁",
"value":2
},
{
"code":"36",
"year":"2017",
"supply":"划拨",
"value":31
},
{
"code":"15",
"year":"2017",
"supply":"拍卖出让",
"value":24
},
{
"code":"22",
"year":"2017",
"supply":"划拨",
"value":43
},
{
"code":"41",
"year":"2017",
"supply":"划拨",
"value":77
},
{
"code":"33",
"year":"2017",
"supply":"作价出资或入股",
"value":4
},
{
"code":"23",
"year":"2017",
"supply":"挂牌出让",
"value":733
},
{
"code":"33",
"year":"2017",
"supply":"租赁",
"value":3
},
{
"code":"62",
"year":"2017",
"supply":"拍卖出让",
"value":31
},
{
"code":"61",
"year":"2017",
"supply":"挂牌出让",
"value":1217
},
{
"code":"46",
"year":"2017",
"supply":"拍卖出让",
"value":20
},
{
"code":"13",
"year":"2017",
"supply":"招标出让",
"value":107
},
{
"code":"37",
"year":"2017",
"supply":"协议出让",
"value":786
},
{
"code":"35",
"year":"2017",
"supply":"招标出让",
"value":2
},
{
"code":"45",
"year":"2017",
"supply":"拍卖出让",
"value":146
},
{
"code":"65",
"year":"2017",
"supply":"协议出让",
"value":180
},
{
"code":"33",
"year":"2017",
"supply":"协议出让",
"value":824
},
{
"code":"52",
"year":"2017",
"supply":"划拨",
"value":101
},
{
"code":"50",
"year":"2017",
"supply":"划拨",
"value":140
},
{
"code":"31",
"year":"2017",
"supply":"挂牌出让",
"value":246
},
{
"code":"34",
"year":"2017",
"supply":"协议出让",
"value":366
},
{
"code":"62",
"year":"2017",
"supply":"划拨",
"value":13
},
{
"code":"22",
"year":"2017",
"supply":"挂牌出让",
"value":990
},
{
"code":"11",
"year":"2017",
"supply":"挂牌出让",
"value":88
},
{
"code":"36",
"year":"2017",
"supply":"招标出让",
"value":1
},
{
"code":"13",
"year":"2017",
"supply":"协议出让",
"value":618
},
{
"code":"23",
"year":"2017",
"supply":"拍卖出让",
"value":1
},
{
"code":"32",
"year":"2017",
"supply":"协议出让",
"value":801
},
{
"code":"42",
"year":"2017",
"supply":"拍卖出让",
"value":433
},
{
"code":"42",
"year":"2017",
"supply":"租赁",
"value":1
},
{
"code":"45",
"year":"2017",
"supply":"挂牌出让",
"value":1215
},
{
"code":"15",
"year":"2017",
"supply":"协议出让",
"value":1044
},
{
"code":"61",
"year":"2017",
"supply":"划拨",
"value":74
},
{
"code":"63",
"year":"2017",
"supply":"挂牌出让",
"value":186
},
{
"code":"13",
"year":"2017",
"supply":"划拨",
"value":47
},
{
"code":"12",
"year":"2017",
"supply":"协议出让",
"value":337
},
{
"code":"61",
"year":"2017",
"supply":"协议出让",
"value":458
},
{
"code":"52",
"year":"2017",
"supply":"协议出让",
"value":338
},
{
"code":"22",
"year":"2017",
"supply":"协议出让",
"value":1306
},
{
"code":"62",
"year":"2017",
"supply":"协议出让",
"value":185
},
{
"code":"33",
"year":"2017",
"supply":"划拨",
"value":411
},
{
"code":"64",
"year":"2017",
"supply":"划拨",
"value":2
},
{
"code":"37",
"year":"2017",
"supply":"挂牌出让",
"value":4365
},
{
"code":"22",
"year":"2017",
"supply":"拍卖出让",
"value":2
},
{
"code":"32",
"year":"2017",
"supply":"挂牌出让",
"value":6193
},
{
"code":"46",
"year":"2017",
"supply":"招标出让",
"value":1
},
{
"code":"43",
"year":"2017",
"supply":"协议出让",
"value":4575
},
{
"code":"62",
"year":"2017",
"supply":"招标出让",
"value":1
},
{
"code":"13",
"year":"2017",
"supply":"拍卖出让",
"value":772
},
{
"code":"23",
"year":"2017",
"supply":"协议出让",
"value":456
},
{
"code":"50",
"year":"2017",
"supply":"挂牌出让",
"value":643
},
{
"code":"63",
"year":"2017",
"supply":"协议出让",
"value":178
},
{
"code":"36",
"year":"2017",
"supply":"拍卖出让",
"value":1289
},
{
"code":"52",
"year":"2017",
"supply":"拍卖出让",
"value":33
},
{
"code":"34",
"year":"2017",
"supply":"拍卖出让",
"value":569
},
{
"code":"21",
"year":"2017",
"supply":"拍卖出让",
"value":92
},
{
"code":"36",
"year":"2017",
"supply":"协议出让",
"value":154
},
{
"code":"46",
"year":"2017",
"supply":"划拨",
"value":9
},
{
"code":"44",
"year":"2017",
"supply":"划拨",
"value":37
},
{
"code":"12",
"year":"2017",
"supply":"划拨",
"value":2
},
{
"code":"13",
"year":"2017",
"supply":"挂牌出让",
"value":3287
},
{
"code":"32",
"year":"2017",
"supply":"招标出让",
"value":2
},
{
"code":"14",
"year":"2017",
"supply":"协议出让",
"value":189
},
{
"code":"42",
"year":"2017",
"supply":"招标出让",
"value":4
},
{
"code":"61",
"year":"2017",
"supply":"拍卖出让",
"value":46
},
{
"code":"11",
"year":"2017",
"supply":"招标出让",
"value":1
},
{
"code":"21",
"year":"2017",
"supply":"挂牌出让",
"value":1062
},
{
"code":"52",
"year":"2017",
"supply":"挂牌出让",
"value":1402
},
{
"code":"21",
"year":"2017",
"supply":"协议出让",
"value":807
},
{
"code":"41",
"year":"2017",
"supply":"拍卖出让",
"value":413
},
{
"code":"43",
"year":"2017",
"supply":"拍卖出让",
"value":220
},
{
"code":"42",
"year":"2017",
"supply":"划拨",
"value":87
},
{
"code":"12",
"year":"2017",
"supply":"挂牌出让",
"value":185
},
{
"code":"50",
"year":"2017",
"supply":"拍卖出让",
"value":125
},
{
"code":"46",
"year":"2017",
"supply":"挂牌出让",
"value":87
},
{
"code":"64",
"year":"2017",
"supply":"挂牌出让",
"value":552
},
{
"code":"11",
"year":"2017",
"supply":"协议出让",
"value":116
},
{
"code":"44",
"year":"2017",
"supply":"协议出让",
"value":5617
},
{
"code":"43",
"year":"2017",
"supply":"招标出让",
"value":4
},
{
"code":"51",
"year":"2017",
"supply":"协议出让",
"value":1563
},
{
"code":"65",
"year":"2017",
"supply":"拍卖出让",
"value":10
},
{
"code":"53",
"year":"2017",
"supply":"划拨",
"value":78
},
{
"code":"44",
"year":"2017",
"supply":"招标出让",
"value":5
}
]
}